-- MySQL dump 10.13  Distrib 5.7.27, for Linux (x86_64)
--
-- Host: hezijian6338.ddns.net    Database: study_room
-- ------------------------------------------------------
-- Server version	5.7.27-0ubuntu0.18.04.1

/*!40101 SET @OLD_CHARACTER_SET_CLIENT=@@CHARACTER_SET_CLIENT */;
/*!40101 SET @OLD_CHARACTER_SET_RESULTS=@@CHARACTER_SET_RESULTS */;
/*!40101 SET @OLD_COLLATION_CONNECTION=@@COLLATION_CONNECTION */;
/*!40101 SET NAMES utf8 */;
/*!40103 SET @OLD_TIME_ZONE=@@TIME_ZONE */;
/*!40103 SET TIME_ZONE='+00:00' */;
/*!40014 SET @OLD_UNIQUE_CHECKS=@@UNIQUE_CHECKS, UNIQUE_CHECKS=0 */;
/*!40014 SET @OLD_FOREIGN_KEY_CHECKS=@@FOREIGN_KEY_CHECKS, FOREIGN_KEY_CHECKS=0 */;
/*!40101 SET @OLD_SQL_MODE=@@SQL_MODE, SQL_MODE='NO_AUTO_VALUE_ON_ZERO' */;
/*!40111 SET @OLD_SQL_NOTES=@@SQL_NOTES, SQL_NOTES=0 */;

--
-- Table structure for table `footprint`
--

DROP TABLE IF EXISTS `footprint`;
/*!40101 SET @saved_cs_client     = @@character_set_client */;
/*!40101 SET character_set_client = utf8 */;
CREATE TABLE `footprint` (
  `id` varchar(255) NOT NULL,
  `user_id` varchar(255) NOT NULL,
  `room_number` varchar(255) NOT NULL COMMENT '自习室编号',
  `seats_number` varchar(255) NOT NULL COMMENT '由  row + _ + col 组成',
  `stay_time` varchar(255) NOT NULL COMMENT '存放时间戳差',
  `status` int(11) NOT NULL COMMENT '0: 暂时离开(保留90分钟); 1: 正常坐下(时间选择); -1: 正常离开(结束计时)',
  `moment_tag` varchar(255) DEFAULT NULL COMMENT '心情标签 (数组, 用 ,分隔)',
  `created_time` datetime DEFAULT NULL COMMENT '坐下时间',
  `updated_time` timestamp NOT NULL DEFAULT CURRENT_TIMESTAMP ON UPDATE CURRENT_TIMESTAMP COMMENT '更新时间',
  `wanted_time` varchar(255) DEFAULT NULL COMMENT '学生希望自习的时间',
  PRIMARY KEY (`id`),
  KEY `user_id` (`user_id`),
  CONSTRAINT `footprint_ibfk_1` FOREIGN KEY (`user_id`) REFERENCES `user` (`id`)
) ENGINE=InnoDB DEFAULT CHARSET=utf8mb4;
/*!40101 SET character_set_client = @saved_cs_client */;

--
-- Dumping data for table `footprint`
--

LOCK TABLES `footprint` WRITE;
/*!40000 ALTER TABLE `footprint` DISABLE KEYS */;
INSERT INTO `footprint` VALUES ('00681ab727e24c218ba958c225e3f2c0','899b2bd680c14c9d8f2653a45cd37246','tc203','1,1','48285',-1,NULL,'2020-05-14 19:04:49','2020-05-14 11:05:44','600000'),('02c3edaa55854cf2b1cf86c1e4e9e208','439c4a05b7764e2c918708fc9ca02ce9','za101','1,3','60000',-1,NULL,'2020-05-14 14:00:27','2020-05-14 06:02:04','60000'),('058a48494d12459a8949b0ef4e161a6c','4f3d5e95eac24550b8eb3df7f3258dbb','textroom','1,2','11960',-1,NULL,'2020-05-15 15:55:20','2020-05-15 07:55:30','5400000'),('07eed9918bcc47179e301dfced9438e5','4f3d5e95eac24550b8eb3df7f3258dbb','za302','1,2','161339',-1,NULL,'2020-05-14 18:16:03','2020-05-14 10:21:32','1500000'),('0cee2554639443ddb3d08b91f8a5b481','4450852b3307432ebe80239708941880','za302','10,1','0',-1,NULL,'2020-05-15 11:12:21','2020-05-15 03:12:20','600000'),('0f79706f45ae40ca89db59e02d7acb52','439c4a05b7764e2c918708fc9ca02ce9','t38','1,1','4693',-1,NULL,'2020-05-23 14:27:49','2020-05-23 06:27:48','600000'),('0fe2ce21c1fb40d897f0a1dadeb0de2a','4f3d5e95eac24550b8eb3df7f3258dbb','za302','10,1','0',-1,NULL,'2020-05-15 09:52:22','2020-05-15 01:52:22','2700000'),('1086aae0709f429ab21b96f4cfd99989','1a2a621a06aa4fb59ef95e629bad2958','za101','1,1','22073',-1,NULL,'2020-05-14 17:19:05','2020-05-14 09:19:05','1500000'),('13de24c41bb84d248647d7e89c50a1ae','4450852b3307432ebe80239708941880','za302','10,1','0',-1,NULL,'2020-05-15 11:19:24','2020-05-15 03:19:24','600000'),('1692237081864e56a6201d77b589bc9e','4f3d5e95eac24550b8eb3df7f3258dbb','za302','10,1','60000',-1,NULL,'2020-05-15 10:08:19','2020-05-15 02:09:37','60000'),('19e1743dcc144d5fa0436fcf7393da4a','4f3d5e95eac24550b8eb3df7f3258dbb','za302','10,1','74619',-1,NULL,'2020-05-15 10:11:54','2020-05-15 02:13:29','600000'),('1c363f12ac8d42e0afb3f332690d4159','4da9a3165e6545ddb7051ce6ea9c7904','za302','4,4','203570',-1,NULL,'2020-05-23 20:38:12','2020-05-23 06:13:46','600000'),('1d9fdf072b2449289df9803f6dadd0e4','4450852b3307432ebe80239708941880','za302','6,5','17667',-1,NULL,'2020-05-14 20:45:33','2020-05-14 12:45:32','60000'),('2028fc54d7f94cddae4a333e0c351789','439c4a05b7764e2c918708fc9ca02ce9','za101','8,7','60000',-1,NULL,'2020-05-14 13:45:03','2020-05-14 05:47:07','60000'),('2031359e6827448aba82622d4caa5b0a','4f3d5e95eac24550b8eb3df7f3258dbb','za302','10,1','0',-1,NULL,'2020-05-15 10:49:04','2020-05-15 02:49:03','600000'),('2b0b548ef10a4f50957179a7a6d8c6ef','899b2bd680c14c9d8f2653a45cd37246','tc203','1,1','15546',-1,NULL,'2020-05-14 19:04:10','2020-05-14 11:04:10','600000'),('2ce9e600489a46c69f4689bd71441671','4450852b3307432ebe80239708941880','za302','10,1','18221',-1,NULL,'2020-05-15 10:10:02','2020-05-15 02:10:19','3600000'),('2d743864798c4f6c9ef237a5a66f8866','4da9a3165e6545ddb7051ce6ea9c7904','textroom','1,1','282942',-1,NULL,'2020-05-23 15:38:55','2020-05-23 06:13:33','5400000'),('2ea652b63a3f426dadedff3a80d40ee5','4da9a3165e6545ddb7051ce6ea9c7904','textroom','1,1','0',-1,NULL,'2020-05-15 15:02:58','2020-05-15 07:02:57','5400000'),('318ea4c564854e0e9bb5b6c5921d929d','4da9a3165e6545ddb7051ce6ea9c7904','textroom','1,1','535359',-1,NULL,'2020-05-23 15:29:31','2020-05-23 06:13:36','5400000'),('355fed85aeb14e799b327e73d81ac675','899b2bd680c14c9d8f2653a45cd37246','tc203','1,1','600000',-1,NULL,'2020-05-14 18:44:14','2020-05-14 10:44:13','600000'),('37d15eb4dff04964b09975d7bbee5916','4450852b3307432ebe80239708941880','za302','10,9','60000',-1,NULL,'2020-05-14 23:06:09','2020-05-14 15:07:31','60000'),('3c7d8d2f7feb48a9a0db5fcc4304fa12','4f3d5e95eac24550b8eb3df7f3258dbb','za302','10,9','0',-1,NULL,'2020-05-14 23:08:06','2020-05-14 15:08:06','2700000'),('3df6af93250c4aba98ba8c82ce1f0459','4f3d5e95eac24550b8eb3df7f3258dbb','za302','10,1','0',-1,NULL,'2020-05-15 11:15:49','2020-05-15 03:15:49','600000'),('42a0377c1a764892a20414429eb9babc','439c4a05b7764e2c918708fc9ca02ce9','za101','4,4','15639',-1,NULL,'2020-05-14 14:35:14','2020-05-14 06:35:14','60000'),('42d551e371414f2ca594ab3750468655','439c4a05b7764e2c918708fc9ca02ce9','za101','1,2','60000',-1,NULL,'2020-05-14 13:57:41','2020-05-14 06:00:03','60000'),('46d51c8fa37746a0b284290c80f6f47b','439c4a05b7764e2c918708fc9ca02ce9','za101','4,3','6680',-1,NULL,'2020-05-14 15:19:14','2020-05-14 07:19:13','600000'),('4a8d059b4cb34e1d80ccc2ec3e6b9663','4f3d5e95eac24550b8eb3df7f3258dbb','za302','5,5','60000',-1,NULL,'2020-05-14 19:48:13','2020-05-14 11:49:29','60000'),('4adcf9f23f5d4636895d8c1f0e6dae8d','4f3d5e95eac24550b8eb3df7f3258dbb','textroom','1,2','11047',-1,NULL,'2020-05-23 16:00:00','2020-05-23 06:13:19','5400000'),('4b10aaff757b432fb732517191850553','f8e60123f662473a8e09ff68c14c4462','za302','5,5','84539',-1,NULL,'2020-05-14 19:41:33','2020-05-14 11:45:53','600000'),('4d54921c39a44951a9dde87c842431b2','4da9a3165e6545ddb7051ce6ea9c7904','za101','1,1','13566',-1,NULL,'2020-05-14 16:23:24','2020-05-14 08:23:23','600000'),('4dfed769332f4ceca770646e93648fa4','4f3d5e95eac24550b8eb3df7f3258dbb','za302','5,5','17525',-1,NULL,'2020-05-14 19:57:15','2020-05-14 11:57:32','1500000'),('500641d71f074a2f89c394f1fd9f4a8d','439c4a05b7764e2c918708fc9ca02ce9','za101','4,4','20239',-1,NULL,'2020-05-14 14:35:52','2020-05-14 06:36:57','60000'),('50831cd6997b407baeb5d86f3328500d','4f3d5e95eac24550b8eb3df7f3258dbb','za302','10,3','11222',-1,NULL,'2020-05-15 14:28:40','2020-05-15 06:28:48','600000'),('52feefb3b0744afe8719febbf4c70a18','4f3d5e95eac24550b8eb3df7f3258dbb','za302','6,5','60000',-1,NULL,'2020-05-14 20:43:26','2020-05-14 12:44:44','60000'),('57207055712b4a2384a79109715a7081','4f3d5e95eac24550b8eb3df7f3258dbb','za302','2,2','79783',-1,NULL,'2020-05-14 18:29:33','2020-05-14 10:36:03','600000'),('5920affa57504eacbe1b5e8d4c656683','4f3d5e95eac24550b8eb3df7f3258dbb','za302','10,1','600000',-1,NULL,'2020-05-15 11:21:51','2020-05-15 04:08:19','600000'),('5cedaf5a6cf14449bdc60243b5ab9ca7','439c4a05b7764e2c918708fc9ca02ce9','za101','1,1','26241',-1,NULL,'2020-05-14 17:21:09','2020-05-14 09:21:09','1500000'),('62488238a15e47a4996f5deccaba1729','4450852b3307432ebe80239708941880','za302','6,5','60000',-1,NULL,'2020-05-14 21:18:33','2020-05-14 13:22:27','60000'),('705b5398b91140918702d14b4c55fdcb','4f3d5e95eac24550b8eb3df7f3258dbb','textroom','1,2','12939',-1,NULL,'2020-05-15 14:59:41','2020-05-15 06:59:53','5400000'),('738464d0017442b2ab8599bb68f1d6ac','4f3d5e95eac24550b8eb3df7f3258dbb','za302','4,5','60000',-1,NULL,'2020-05-14 22:17:26','2020-05-14 14:18:39','60000'),('75a7e0a1c3554733973c0b77e9d815f0','439c4a05b7764e2c918708fc9ca02ce9','za101','8,7','300000',-1,NULL,'2020-05-14 13:26:38','2020-05-14 05:31:47','300000'),('77f064b980714d38899b4b61597a0c08','439c4a05b7764e2c918708fc9ca02ce9','za302','1,1','300000',-1,NULL,'2020-05-14 13:19:12','2020-05-14 05:24:47','300000'),('78275cb36ccf457f911f36bda2a56f9e','4f3d5e95eac24550b8eb3df7f3258dbb','za302','10,1','3498',-1,NULL,'2020-05-15 09:57:18','2020-05-15 01:57:21','3600000'),('7983209ed46247d499dc69f7e222c49b','4f3d5e95eac24550b8eb3df7f3258dbb','textroom','1,2','9178',-1,NULL,'2020-05-15 15:23:01','2020-05-15 07:23:13','3600000'),('7a5b57bd7d12497bacf6d7e4957268c2','4f3d5e95eac24550b8eb3df7f3258dbb','za302','6,5','5522',-1,NULL,'2020-05-14 21:27:58','2020-05-14 13:28:02','600000'),('82ccfd79ef6948a69736b6b9f28b0782','4f3d5e95eac24550b8eb3df7f3258dbb','za302','5,5','60000',-1,NULL,'2020-05-14 19:51:18','2020-05-14 11:54:35','60000'),('86275a96b5344be7bac8591c2722a574','439c4a05b7764e2c918708fc9ca02ce9','za101','8,7','60000',-1,NULL,'2020-05-14 13:32:36','2020-05-14 05:35:56','60000'),('88c06abce4b943deb25a66e4a4493f41','4f3d5e95eac24550b8eb3df7f3258dbb','za302','10,10','4576',-1,NULL,'2020-05-14 22:42:42','2020-05-14 14:42:46','1500000'),('88c35d4476884784aee6793566c95e04','439c4a05b7764e2c918708fc9ca02ce9','t38','1,1','8015',-1,NULL,'2020-05-23 10:03:37','2020-05-23 02:03:46','5400000'),('8a76d59513cc4dddb08a7343c852a5df','439c4a05b7764e2c918708fc9ca02ce9','za101','1,1','47701',-1,NULL,'2020-05-14 17:27:49','2020-05-14 09:27:48','2700000'),('8d294da0ac1d49a39ae27087a5360b7f','4f3d5e95eac24550b8eb3df7f3258dbb','za302','4,5','60000',-1,NULL,'2020-05-14 21:21:10','2020-05-14 13:22:34','60000'),('8f235b3c0173459f9d353ecb88723168','439c4a05b7764e2c918708fc9ca02ce9','za101','1,1','1518820',-1,NULL,'2020-05-14 16:55:12','2020-05-14 08:55:12','2700000'),('90edfe7cab0f4c87a8bc280103fb8277','4f3d5e95eac24550b8eb3df7f3258dbb','za302','5,6','60000',-1,NULL,'2020-05-14 20:47:53','2020-05-14 12:49:10','60000'),('93e2d6ed4cf540c290dbf66c84d311d2','4450852b3307432ebe80239708941880','za302','4,5','3013',-1,NULL,'2020-05-14 22:19:04','2020-05-14 14:19:07','3600000'),('95a3df779de14044b0f47d21071c342f','4f3d5e95eac24550b8eb3df7f3258dbb','za302','5,6','60000',-1,NULL,'2020-05-14 20:26:21','2020-05-14 12:32:44','60000'),('9627756282094a7895557b578d1e4718','1a2a621a06aa4fb59ef95e629bad2958','za302','10,10','108074',-1,NULL,'2020-05-23 19:15:29','2020-05-23 06:13:53','600000'),('9edabe9d99114424b002332acd794cb2','4f3d5e95eac24550b8eb3df7f3258dbb','za302','1,2','245669',-1,NULL,'2020-05-14 18:22:02','2020-05-14 10:27:41','600000'),('a081a30e985d43e4baab5979c3d90b98','4f3d5e95eac24550b8eb3df7f3258dbb','za302','10,1','0',-1,NULL,'2020-05-15 09:41:17','2020-05-15 01:41:16','2700000'),('a1c9c117dcaf460da7d1485dbb373348','f8e60123f662473a8e09ff68c14c4462','za302','5,5','442922',-1,NULL,'2020-05-14 19:33:06','2020-05-14 11:33:54','600000'),('ab66fff8a46d4ad9bd6e95c9083ad8af','297427a24a9f44bab2e49128a62b897b','textroom','1,1','10907',-1,NULL,'2020-05-15 12:13:34','2020-05-15 04:13:43','600000'),('ac030bf292eb4e268f828d3597ca34f0','4f3d5e95eac24550b8eb3df7f3258dbb','za302','10,1','12702',-1,NULL,'2020-05-15 10:10:59','2020-05-15 02:10:58','5400000'),('ac24e68eeccc4416be7cfd1e266515b0','439c4a05b7764e2c918708fc9ca02ce9','za230','1,1','24199',-1,NULL,'2020-05-23 15:08:35','2020-05-23 07:08:34','3600000'),('b0959be4fd0549a3ba12432de95ef50d','4f3d5e95eac24550b8eb3df7f3258dbb','textroom','1,2','15109',-1,NULL,'2020-05-15 15:33:33','2020-05-15 07:33:44','5400000'),('b32e0646e038435b8971cf302afd3f8a','4da9a3165e6545ddb7051ce6ea9c7904','textroom','1,1','604882',-1,NULL,'2020-05-23 15:50:47','2020-05-23 06:13:27','5400000'),('b39c730d3dff4c68ab25adb9eb815192','4f3d5e95eac24550b8eb3df7f3258dbb','za302','10,1','0',-1,NULL,'2020-05-15 10:22:22','2020-05-15 02:22:21','1500000'),('b413d81f1c124aa0bfcc5141bdb9c41e','4f3d5e95eac24550b8eb3df7f3258dbb','za302','10,1','0',-1,NULL,'2020-05-15 11:05:41','2020-05-15 03:05:41','600000'),('b4713f0924fc485c99bf31b2fb4f5e1e','439c4a05b7764e2c918708fc9ca02ce9','za101','8,7','60000',-1,NULL,'2020-05-14 13:52:44','2020-05-14 05:57:00','60000'),('b6df76605321429d9575d3c5e66cd7dc','4da9a3165e6545ddb7051ce6ea9c7904','textroom','1,1','0',-1,NULL,'2020-05-15 13:53:22','2020-05-15 05:53:22','5400000'),('b789ae1dd90a478aaf8324d82112adbc','4450852b3307432ebe80239708941880','za302','5,6','14963',-1,NULL,'2020-05-14 20:51:50','2020-05-14 12:51:50','60000'),('bb8e90ede50a44db988121cee9be9558','4450852b3307432ebe80239708941880','za302','10,1','0',-1,NULL,'2020-05-15 11:02:28','2020-05-15 03:02:28','600000'),('bc146c5fffbd4883ae11cd3b773a0bb2','1a2a621a06aa4fb59ef95e629bad2958','za101','4,3','68021',-1,NULL,'2020-05-14 16:18:51','2020-05-14 08:18:51','600000'),('bcfb7856dd624126a2055e752961c2a2','4f3d5e95eac24550b8eb3df7f3258dbb','za302','10,9','60000',-1,NULL,'2020-05-14 23:04:54','2020-05-14 15:06:06','60000'),('bf59f58783734cd7bf8ec0640b7a49b0','8b1f786c4871428e97b2c5dbeb32a1f9','textroom','1,2','13165',-1,NULL,'2020-05-15 14:18:06','2020-05-15 06:18:21','600000'),('bf5c746282d647fd897ca358d0962ab8','4da9a3165e6545ddb7051ce6ea9c7904','za302','1,1','300000',-1,NULL,'2020-05-14 13:06:15','2020-05-14 05:11:58','300000'),('c0253aa3b6f544d3ab98b061073a2ac5','4f3d5e95eac24550b8eb3df7f3258dbb','za302','10,1','4503',-1,NULL,'2020-05-15 10:03:37','2020-05-15 02:03:41','600000'),('c1d934d3e1b5460587b263e214552d12','439c4a05b7764e2c918708fc9ca02ce9','za101','4,4','50307',-1,NULL,'2020-05-14 14:37:40','2020-05-14 06:38:31','2700000'),('c1fcc2b4e19449b09a0274aef8b7ab37','4f3d5e95eac24550b8eb3df7f3258dbb','za302','1,2','41260',-1,NULL,'2020-05-14 19:04:51','2020-05-14 11:06:18','1500000'),('c563c41f522a4fba99f826ad4d0e5541','4f3d5e95eac24550b8eb3df7f3258dbb','textroom','1,2','10479',-1,NULL,'2020-05-15 15:42:37','2020-05-15 07:42:47','5400000'),('c6195d8f08734ca5bac1a8743bfd8888','439c4a05b7764e2c918708fc9ca02ce9','za101','4,3','3600000',-1,NULL,'2020-05-14 15:19:29','2020-05-14 08:54:17','3600000'),('c8576e8449a74fa59f13a2de6b63ea19','4450852b3307432ebe80239708941880','za302','10,9','60000',-1,NULL,'2020-05-14 23:35:29','2020-05-15 01:37:44','60000'),('c9f10c86a3fb4cb39d04ff2c5a032345','439c4a05b7764e2c918708fc9ca02ce9','za101','1,3','60000',-1,NULL,'2020-05-14 14:21:15','2020-05-14 06:23:13','60000'),('d10e45b84df641dc9870606bdb892beb','1a2a621a06aa4fb59ef95e629bad2958','za101','8,3','5287',-1,NULL,'2020-05-14 15:20:57','2020-05-14 07:20:56','60000'),('d1f628a4a291444e8f6fa09ee810b24a','4f3d5e95eac24550b8eb3df7f3258dbb','textroom','1,2','9161',-1,NULL,'2020-05-15 15:26:48','2020-05-15 07:26:59','1500000'),('da8bb8515d034d6a929c117aa80e7826','439c4a05b7764e2c918708fc9ca02ce9','za101','8,7','24804',-1,NULL,'2020-05-14 13:47:40','2020-05-14 05:47:40','60000'),('e2fc4c0ebfc848adaa3ead4ac8d0d74c','4f3d5e95eac24550b8eb3df7f3258dbb','za302','10,1','0',-1,NULL,'2020-05-15 10:53:17','2020-05-15 02:53:16','600000'),('e49611b9f38147b9baa360900a87608c','439c4a05b7764e2c918708fc9ca02ce9','za101','1,4','60000',-1,NULL,'2020-05-14 14:33:08','2020-05-14 06:34:25','60000'),('e9d9f71ec9d744ca8606079303394830','4450852b3307432ebe80239708941880','za302','10,1','20645',-1,NULL,'2020-05-15 10:55:52','2020-05-15 02:55:52','600000'),('f0851f83966d467db59f4af664f1c7ef','1a2a621a06aa4fb59ef95e629bad2958','za101','1,1','24598',-1,NULL,'2020-05-14 16:49:43','2020-05-14 08:49:42','600000'),('f384f0a9d4e8411ba47cae39f3f9088f','4f3d5e95eac24550b8eb3df7f3258dbb','za302','4,5','0',-1,NULL,'2020-05-14 21:53:41','2020-05-14 13:53:40','1500000'),('f41a69ace48249db9b87e938a40bc5a4','4450852b3307432ebe80239708941880','za302','10,1','0',-1,NULL,'2020-05-15 10:56:33','2020-05-15 02:56:33','600000'),('f848fae5dbff46299d2c8529fdf36adb','439c4a05b7764e2c918708fc9ca02ce9','za101','1,3','60000',-1,NULL,'2020-05-14 14:23:54','2020-05-14 06:31:21','60000'),('fa9da772d0a642c594d1d98aae42fcdb','4f3d5e95eac24550b8eb3df7f3258dbb','za302','6,5','0',-1,NULL,'2020-05-14 20:54:46','2020-05-14 12:54:46','2700000'),('fdc354f107e645a788c0643eb324d90b','439c4a05b7764e2c918708fc9ca02ce9','za101','1,1','34330',-1,NULL,'2020-05-14 17:22:40','2020-05-14 09:22:39','600000'),('fdda23f68d084538a015e259289abb5d','4450852b3307432ebe80239708941880','za302','10,1','0',-1,NULL,'2020-05-15 10:38:53','2020-05-15 02:38:52','600000'),('ff6ed939512d49c584402962d5666a23','439c4a05b7764e2c918708fc9ca02ce9','za101','4,3','198873',-1,NULL,'2020-05-14 15:11:07','2020-05-14 07:16:09','600000');
/*!40000 ALTER TABLE `footprint` ENABLE KEYS */;
UNLOCK TABLES;

--
-- Table structure for table `seat`
--

DROP TABLE IF EXISTS `seat`;
/*!40101 SET @saved_cs_client     = @@character_set_client */;
/*!40101 SET character_set_client = utf8 */;
CREATE TABLE `seat` (
  `id` varchar(255) NOT NULL,
  `name` varchar(255) NOT NULL COMMENT '自习室名称',
  `room_number` varchar(255) NOT NULL COMMENT '自习室编号',
  `seats` varchar(255) NOT NULL COMMENT '座位位置和状态',
  `seats_count` int(11) NOT NULL COMMENT '座位总数',
  `seats_available` int(11) NOT NULL COMMENT '剩余座位数量',
  `seats_unavailabe` int(11) NOT NULL COMMENT '已使用座位数量',
  `status` int(11) NOT NULL COMMENT '0: 待用; 1: 启用; -1: 维护',
  `created_time` datetime DEFAULT NULL,
  `updated_time` timestamp NOT NULL DEFAULT CURRENT_TIMESTAMP ON UPDATE CURRENT_TIMESTAMP,
  PRIMARY KEY (`id`),
  UNIQUE KEY `seat_room_number_IDX` (`room_number`) USING BTREE
) ENGINE=InnoDB DEFAULT CHARSET=utf8mb4;
/*!40101 SET character_set_client = @saved_cs_client */;

--
-- Dumping data for table `seat`
--

LOCK TABLES `seat` WRITE;
/*!40000 ALTER TABLE `seat` DISABLE KEYS */;
INSERT INTO `seat` VALUES ('1a92589e6e084cd584fd15aedc7da251','t38','t38','[0000000000, 0000000000, 0000000000, 0000000000, 0000000000, 0000000000, 0000000000, 0000000000, 0000000000, 0000000000]',100,100,0,1,'2020-05-14 12:15:43','2020-05-14 04:15:42'),('265b766295fc499585ed3c7cce3a895f','za230','za230','[00, 00]',4,4,0,1,'2020-05-15 14:52:19','2020-05-15 06:52:19'),('33c1b65ceb4c40b396f6449068e84427','za203','za203','[0000, 0000, 0000, 0000]',16,16,0,1,'2020-05-15 14:40:40','2020-05-15 06:40:40'),('4f05ba43e0e54fa599fc03a3622adc0a','za563','za563','[00000, 00000, 00000, 00000, 00000]',25,25,0,1,'2020-05-15 14:49:41','2020-05-15 06:49:41'),('5767ca837e914019bca6daa1b59878b9','tsg301','tsg301','[00000000, 00000000, 00000000, 00000000, 00000000, 00000000, 00000000, 00000000]',64,64,0,1,'2020-05-14 12:17:34','2020-05-14 04:17:34'),('67fffa5e69c7474ca9690e968981eebc','t25','t25','[000000, 000000, 000000, 000000, 000000, 000000]',36,36,0,1,'2020-05-14 12:19:35','2020-05-14 04:19:34'),('819b544d3a1e408eb224588932e5417c','textroom','textroom','[00, 00]',4,4,0,1,'2020-05-15 12:03:21','2020-05-15 04:03:21'),('a98ac13c9c2040a38fed3f2984d1a5a6','mb103','mb103','[0000000000, 0000000000, 0000000000, 0000000000, 0000000000, 0000000000, 0000000000, 0000000000, 0000000000, 0000000000]',100,100,0,1,'2020-05-14 12:14:06','2020-05-14 04:14:05'),('aed9b18508f4401e95e69cf47edf9069','za560','za560','[00, 00]',4,4,0,1,'2020-05-15 14:44:51','2020-05-15 06:44:51'),('bd258fb060f841aa895c6590c5c57239','za596','za596','[00000, 00000, 00000, 00000, 00000]',25,25,0,1,'2020-05-15 14:54:20','2020-05-15 06:54:20'),('bffe083a96fa4be9849fabb7615899c7','za502','za502','[00000, 00000, 00000, 00000, 00000]',25,25,0,1,'2020-05-14 12:14:37','2020-05-14 04:14:37'),('c6850a7bf78e466b8fc01e6a75b7e147','hf101','hf101','[0000000000, 0000000000, 0000000000, 0000000000, 0000000000, 0000000000, 0000000000, 0000000000, 0000000000, 0000000000]',100,100,0,1,'2020-05-14 12:16:19','2020-05-14 04:16:19');
/*!40000 ALTER TABLE `seat` ENABLE KEYS */;
UNLOCK TABLES;

--
-- Table structure for table `user`
--

DROP TABLE IF EXISTS `user`;
/*!40101 SET @saved_cs_client     = @@character_set_client */;
/*!40101 SET character_set_client = utf8 */;
CREATE TABLE `user` (
  `id` varchar(255) NOT NULL,
  `name` varchar(255) NOT NULL COMMENT '用户名称',
  `password` varchar(255) DEFAULT NULL COMMENT '管理员/学生',
  `student_num` varchar(255) NOT NULL COMMENT '学生学号',
  `phone` varchar(255) NOT NULL COMMENT '用户电话',
  `role` int(11) NOT NULL COMMENT '0: 普通用户;1: 管理员; 2: 超级管理员',
  `status` int(11) NOT NULL COMMENT '0: 停用; 1: 启用; -1: 黑名单',
  `bad_record` int(11) NOT NULL COMMENT '默认0, 到3 自动转换黑名单',
  `created_time` datetime DEFAULT NULL,
  `updated_time` timestamp NOT NULL DEFAULT CURRENT_TIMESTAMP ON UPDATE CURRENT_TIMESTAMP,
  PRIMARY KEY (`id`),
  UNIQUE KEY `student_num` (`student_num`)
) ENGINE=InnoDB DEFAULT CHARSET=utf8mb4;
/*!40101 SET character_set_client = @saved_cs_client */;

--
-- Dumping data for table `user`
--

LOCK TABLES `user` WRITE;
/*!40000 ALTER TABLE `user` DISABLE KEYS */;
INSERT INTO `user` VALUES ('0f3b25158ff94675ba486943c407b7c7','dsadda','21232F297A57A5A743894A0E4A801FC3','1561651','4564654',0,1,0,'2020-05-15 14:54:02','2020-05-15 06:54:01'),('1a2a621a06aa4fb59ef95e629bad2958','用户二','21232F297A57A5A743894A0E4A801FC3','160201102860','13222222222',0,1,0,'2020-05-14 12:34:34','2020-05-14 04:34:34'),('28a139dd1e26463e8a816f2b57612df0','cjy','21232F297A57A5A743894A0E4A801FC3','160201101111','13711111111',0,1,0,'2020-05-14 12:43:53','2020-05-14 04:43:53'),('297427a24a9f44bab2e49128a62b897b','用户八','21232F297A57A5A743894A0E4A801FC3','160201102866','13288888888',0,1,0,'2020-05-14 12:37:34','2020-05-14 04:37:34'),('439c4a05b7764e2c918708fc9ca02ce9','用户一','21232F297A57A5A743894A0E4A801FC3','160201102859','13211111111',0,-1,2,'2020-05-14 12:33:10','2020-05-14 04:33:10'),('4450852b3307432ebe80239708941880','用户四','21232F297A57A5A743894A0E4A801FC3','160201102862','13244444444',0,1,2,'2020-05-14 12:35:26','2020-05-14 04:35:26'),('4da9a3165e6545ddb7051ce6ea9c7904','曹靖洋','21232F297A57A5A743894A0E4A801FC3','160201102858','13250539836',1,1,0,'2020-04-15 14:20:09','2020-04-24 09:27:56'),('4f07cca88eba4144acac1b2f402dab90','ddsa','21232F297A57A5A743894A0E4A801FC3','16020','45465',0,1,0,'2020-05-15 14:52:01','2020-05-15 06:52:00'),('4f3d5e95eac24550b8eb3df7f3258dbb','用户三','21232F297A57A5A743894A0E4A801FC3','160201102861','13233333333',0,-1,1,'2020-05-14 12:34:57','2020-05-14 04:34:56'),('5d6a95ca46df4012aeef69c0d78811cc','dsdsada','21232F297A57A5A743894A0E4A801FC3','111','2613',0,1,0,'2020-05-15 14:40:17','2020-05-15 06:40:16'),('6b410d5c52d54a87ac7e8261bc58db53','用户七','21232F297A57A5A743894A0E4A801FC3','160201102865','13277777777',0,1,0,'2020-05-14 12:36:59','2020-05-14 04:36:59'),('775f962bd79c4a5d9ba1539b5a954349','bobby','21232F297A57A5A743894A0E4A801FC3','160201111111','13722222222',0,1,0,'2020-05-14 12:57:02','2020-05-14 04:57:02'),('81f652f7484e4a1298e33cdc5f23c238','dads','21232F297A57A5A743894A0E4A801FC3','516','151532',0,1,0,'2020-05-15 14:44:31','2020-05-15 06:44:31'),('899b2bd680c14c9d8f2653a45cd37246','何子健','21232F297A57A5A743894A0E4A801FC3','140202011031','13160666721',0,1,0,'2020-05-14 14:21:51','2020-05-14 06:21:51'),('8b1f786c4871428e97b2c5dbeb32a1f9','用户九','21232F297A57A5A743894A0E4A801FC3','160201102867','13299999999',0,1,0,'2020-05-14 12:38:10','2020-05-14 04:38:09'),('a238e3fc1d18406ebf272f3c2e5b2b8c','用户六','21232F297A57A5A743894A0E4A801FC3','160201102864','13266666666',0,1,0,'2020-05-14 12:36:39','2020-05-14 04:36:39'),('b7fd8102ce714d8e980fc5f7a5a21ae4','xxx','21232F297A57A5A743894A0E4A801FC3','16020110xxxx','xxxxxxxxxxx',0,1,0,'2020-05-23 14:02:17','2020-05-23 06:02:17'),('e2f24bb5ddd84a9b8571e290392acd8b','dsdas','21232F297A57A5A743894A0E4A801FC3','45463','46545',0,1,0,'2020-05-15 14:49:21','2020-05-15 06:49:21'),('f8e60123f662473a8e09ff68c14c4462','用户五','21232F297A57A5A743894A0E4A801FC3','160201102863','13255555555',0,1,0,'2020-05-14 12:35:42','2020-05-14 04:35:42');
/*!40000 ALTER TABLE `user` ENABLE KEYS */;
UNLOCK TABLES;
/*!40103 SET TIME_ZONE=@OLD_TIME_ZONE */;

/*!40101 SET SQL_MODE=@OLD_SQL_MODE */;
/*!40014 SET FOREIGN_KEY_CHECKS=@OLD_FOREIGN_KEY_CHECKS */;
/*!40014 SET UNIQUE_CHECKS=@OLD_UNIQUE_CHECKS */;
/*!40101 SET CHARACTER_SET_CLIENT=@OLD_CHARACTER_SET_CLIENT */;
/*!40101 SET CHARACTER_SET_RESULTS=@OLD_CHARACTER_SET_RESULTS */;
/*!40101 SET COLLATION_CONNECTION=@OLD_COLLATION_CONNECTION */;
/*!40111 SET SQL_NOTES=@OLD_SQL_NOTES */;

-- Dump completed on 2020-05-27 13:49:13
